,n_components,covariance_type,bic_score,std_bic_score,mean_fit_time,std_fit_time,mean_score_time,std_score_time
0,2,full,3535.7728419668883,7338.430877631309,0.013164377212524414,0.0061285200659978775,0.000997161865234375,0.0006306002331577943
