,n_components,covariance_type,bic_score,std_bic_score,mean_fit_time,std_fit_time,mean_score_time,std_score_time
0,2,full,166846.17404032912,393123.102961859,0.015974664688110353,0.004164411955189021,0.0005982398986816406,0.0004884609947696123
